label,area
1,8151.0
2,11722.0
3,29947.0
4,1.0
5,280.0
6,2176.0
7,15843.0
8,1775.0
9,1445.0
10,9196.0
11,3820.0
12,3044.0
13,7256.0
14,14217.0
15,1.0
16,1996.0
17,1209.0
18,1.0
19,4568.0
20,1.0
21,3510.0
22,1.0
23,1.0
24,1.0
25,1.0
26,1585.0
27,1.0
28,2.0
29,8269.0
30,1.0
31,1151.0
32,2.0
33,2.0
34,2.0
35,1.0
36,1.0
37,1.0
38,1.0
39,1.0
40,1.0
41,2972.0
42,2026.0
43,1.0
44,2.0
45,4038.0
46,1549.0
47,1.0
48,945.0
49,2645.0
50,1.0
51,1.0
52,1.0
53,1.0
54,2.0
55,1.0
56,1.0
57,1.0
58,1.0
59,1.0
60,7.0
61,2.0
62,1.0
63,1.0
64,1.0
65,2.0
66,511.0
67,5768.0
68,1.0
69,1.0
70,6401.0
71,1.0
72,409.0
73,1.0
74,1.0
75,1761.0
76,1.0
77,1469.0
78,6985.0
79,1.0
80,716.0
81,2.0
82,1788.0
83,1.0
84,1.0
85,1.0
86,1.0
87,8917.0
88,1.0
89,1.0
90,1.0
91,1.0
92,1.0
93,6.0
94,1.0
95,1.0
96,1.0
97,541.0
98,1341.0
99,1.0
100,1.0
101,1.0
102,1.0
103,1.0
104,1.0
105,1.0
106,1.0
107,1.0
108,1.0
109,1.0
110,758.0
111,1.0
112,1995.0
113,1.0
114,1.0
115,1.0
116,1.0
117,1.0
118,1.0
119,1.0
120,1.0
121,1838.0
122,1.0
123,1.0
124,1.0
125,1.0
126,1.0
127,1.0
128,1.0
129,1.0
130,1.0
131,1.0
132,1.0
133,1.0
134,1.0
135,3039.0
136,1.0
137,1.0
138,1.0
139,1.0
140,1.0
141,1.0
142,1.0
143,28.0
144,1.0
145,550.0
146,2019.0
147,1136.0
148,1.0
149,9201.0
150,442.0
151,1.0
152,6.0
153,6819.0
154,1171.0
155,2650.0
156,5178.0
157,1.0
158,1161.0
159,1.0
160,58.0
161,2269.0
162,1.0
163,1914.0
164,1.0
165,7.0
166,1.0
167,18.0
168,805.0
169,1217.0
170,2.0
171,1.0
172,9.0
173,1133.0
174,1.0
175,24.0
176,1.0
177,11.0
178,1.0
179,1093.0
180,1.0
181,1.0
182,1.0
183,1.0
184,584.0
185,465.0
186,1.0
187,2.0
188,1.0
189,992.0
190,2.0
191,4203.0
192,2802.0
193,1.0
194,1.0
195,1185.0
196,1.0
197,1.0
198,2.0
199,2.0
200,1986.0
201,1.0
202,1.0
203,4.0
204,6.0
205,1.0
206,1.0
207,2.0
208,1.0
209,1.0
210,1.0
211,1.0
212,1.0
213,1.0
214,3782.0
215,1.0
216,1.0
217,1.0
218,1.0
219,370.0
220,1.0
221,1.0
222,1.0
223,5731.0
224,2.0
225,1.0
226,8099.0
227,1.0
228,1.0
229,1.0
230,12.0
231,1.0
232,1.0
233,1.0
234,1.0
235,1.0
236,1.0
237,1.0
238,4.0
239,1.0
240,1.0
241,1.0
242,1.0
243,2.0
244,1.0
245,1.0
246,1.0
247,2.0
248,1.0
249,1.0
250,1.0
251,1.0
252,2.0
253,4.0
254,2.0
255,2.0
256,4.0
257,1.0
258,2.0
259,9.0
260,4.0
261,1.0
262,4.0
263,1.0
264,1.0
265,1.0
266,854.0
267,1.0
268,1.0
269,1.0
270,2.0
271,1520.0
272,1.0
273,1.0
274,1.0
275,1.0
276,2.0
277,2.0
278,4.0
279,4.0
280,1.0
281,4.0
282,1.0
283,1203.0
284,1.0
285,1.0
286,1.0
287,1.0
288,1.0
289,1.0
290,2.0
291,10.0
292,2.0
293,764.0
294,1.0
295,1.0
296,1.0
297,1.0
298,1.0
299,1.0
300,1.0
301,1.0
302,1.0
303,1.0
304,1.0
305,2.0
306,2.0
307,1.0
308,2.0
309,1.0
310,1.0
311,1.0
312,1.0
313,1.0
314,1.0
315,1.0
316,614.0
317,1.0
318,1.0
319,1.0
320,1.0
321,1.0
322,1.0
323,1.0
324,1.0
325,1.0
326,1.0
327,1.0
328,1.0
329,1.0
330,1.0
331,2.0
332,2.0
333,2.0
334,4.0
335,6.0
336,1.0
337,1.0
338,1.0
339,2.0
340,1.0
341,1.0
342,2.0
343,2.0
344,1.0
345,1.0
346,1.0
347,2.0
348,1.0
349,1.0
350,1.0
351,6732.0
352,1.0
353,1.0
354,2.0
355,1.0
356,1.0
357,1.0
358,1.0
359,1.0
360,1.0
361,1.0
362,1.0
363,1.0
364,2.0
365,2.0
366,2.0
367,4.0
368,4.0
369,1.0
370,1.0
371,1.0
372,1.0
373,1.0
374,1.0
375,1.0
376,2.0
377,1.0
378,389.0
379,2.0
380,1.0
381,1.0
382,1.0
383,1.0
384,1.0
385,1.0
386,4.0
387,1.0
388,1.0
389,1.0
390,3.0
391,2.0
392,2.0
393,1.0
394,2.0
395,2.0
396,2.0
397,4.0
398,4.0
399,13.0
400,1.0
401,1.0
402,2.0
403,1.0
404,1.0
405,1.0
406,1.0
407,1.0
408,1.0
409,2.0
410,1.0
411,1.0
412,2.0
413,1.0
414,1.0
415,1.0
416,2.0
417,2.0
418,8.0
419,4.0
420,19.0
421,2.0
422,1.0
423,2.0
424,1.0
425,1.0
426,2.0
427,1.0
428,1.0
429,5.0
430,1.0
431,1.0
432,1.0
433,1.0
434,1.0
435,1.0
436,2.0
437,1.0
438,2.0
439,2.0
440,3.0
441,2.0
442,2.0
443,2.0
444,3.0
445,2.0
446,2.0
447,1.0
448,2.0
449,25.0
450,1.0
451,1.0
452,6.0
453,1.0
454,2.0
455,1.0
456,1.0
457,2.0
458,3.0
459,2.0
460,1053.0
461,4.0
462,1.0
463,1.0
464,1.0
465,1.0
466,469.0
467,1.0
468,1.0
469,1.0
470,1.0
471,1.0
472,1.0
473,1.0
474,1905.0
475,1.0
476,1.0
477,1.0
478,1.0
479,1.0
480,1.0
481,1.0
482,1.0
483,1.0
484,1.0
485,1.0
486,924.0
487,3.0
488,2.0
489,1.0
490,1.0
491,3.0
492,6.0
493,2.0
494,18.0
495,1.0
496,1.0
497,8.0
498,2.0
499,1.0
500,2.0
501,1.0
502,3.0
503,5.0
504,4.0
505,3.0
506,4.0
507,1.0
508,1.0
509,1.0
510,1.0
511,1.0
512,1.0
513,1.0
514,1.0
515,1.0
516,1.0
517,1.0
518,1.0
519,5710.0
520,1.0
521,1.0
522,2.0
523,1.0
524,2.0
525,1.0
526,2.0
527,1.0
528,3.0
529,2.0
530,2.0
531,20.0
532,2252.0
533,10.0
534,4.0
535,2.0
536,1.0
537,2.0
538,2.0
539,4.0
540,11.0
541,2.0
542,2.0
543,2.0
544,2.0
545,1.0
546,1.0
547,1.0
548,1.0
549,1.0
550,1.0
551,1.0
552,2.0
553,1.0
554,1.0
555,2.0
556,1.0
557,2.0
558,3.0
559,1.0
560,2.0
561,3314.0
562,1.0
563,4.0
564,2.0
565,1.0
566,1.0
567,2.0
568,2.0
569,3.0
570,3.0
571,2.0
572,2.0
573,2.0
574,1.0
575,1.0
576,1.0
577,1.0
578,1.0
579,1.0
580,1.0
581,1.0
582,1.0
583,1.0
584,1.0
585,1.0
586,1.0
587,1393.0
588,1.0
589,2.0
590,2.0
591,4.0
592,1.0
593,2.0
594,2.0
595,1.0
596,1.0
597,1.0
598,3.0
599,1.0
600,1.0
601,1.0
602,1.0
603,1.0
604,1.0
605,1.0
606,2.0
607,2.0
608,1.0
609,3.0
610,1.0
611,1.0
612,2.0
613,6.0
614,3.0
615,4.0
616,2.0
617,2.0
618,2.0
619,2.0
620,1.0
621,1068.0
622,1.0
623,2.0
624,2.0
625,3.0
626,1.0
627,3.0
628,6.0
629,4.0
630,2.0
631,1.0
632,1.0
633,2.0
634,2203.0
635,2.0
636,1.0
637,1.0
638,1.0
639,1.0
640,2.0
641,3.0
642,4.0
643,1.0
644,2.0
645,2.0
646,1.0
647,1.0
648,1.0
649,1.0
650,1.0
651,1.0
652,1.0
653,1.0
654,1.0
655,1.0
656,1.0
657,1.0
658,1.0
659,3.0
660,1.0
661,3.0
662,876.0
663,3.0
664,1.0
665,1.0
666,1.0
667,16.0
668,2.0
669,1.0
670,2.0
671,1.0
672,2.0
673,2.0
674,1.0
675,1.0
676,1.0
677,1.0
678,1.0
679,1.0
680,1.0
681,5.0
682,3418.0
683,1.0
684,1.0
685,1.0
686,1.0
687,2.0
688,3.0
689,1.0
690,1.0
691,1.0
692,1.0
693,2.0
694,2.0
695,1.0
696,1.0
697,2186.0
698,1.0
699,1.0
700,1.0
701,1.0
702,1.0
703,1.0
704,1.0
705,1.0
706,519.0
707,1.0
708,3.0
709,3.0
710,1.0
711,1.0
712,1.0
713,1.0
714,2.0
715,1.0
716,1.0
717,1.0
718,2.0
719,1.0
720,1.0
721,1.0
722,1.0
723,1.0
724,1.0
725,1.0
726,1.0
727,1.0
728,3.0
729,3.0
730,3.0
731,1.0
732,1.0
733,1.0
734,1.0
735,4.0
736,4.0
737,2.0
738,2.0
739,1.0
740,1.0
741,2.0
742,2.0
743,1.0
744,1.0
745,1.0
746,1.0
747,1.0
748,1.0
749,1.0
750,1.0
751,1.0
752,1.0
753,1.0
754,1.0
755,3.0
756,2.0
757,3.0
758,1.0
759,1.0
760,8.0
761,2.0
762,2.0
763,2.0
764,1.0
765,2.0
766,2.0
767,1.0
768,1.0
769,1.0
770,1.0
771,9946.0
772,1.0
773,3.0
774,2.0
775,3.0
776,1.0
777,1.0
778,2.0
779,2.0
780,2.0
781,1.0
782,1.0
783,1.0
784,1.0
785,1.0
786,1.0
787,1.0
788,4.0
789,7283.0
790,2.0
791,2.0
792,3.0
793,1.0
794,1.0
795,1.0
796,2.0
797,2.0
798,2.0
799,1.0
800,1.0
801,3.0
802,1.0
803,1.0
804,1.0
805,1.0
806,1.0
807,1.0
808,4.0
809,21.0
810,1.0
811,2.0
812,3.0
813,3.0
814,1.0
815,1.0
816,1.0
817,1.0
818,1.0
819,2.0
820,1.0
821,2.0
822,1.0
823,1.0
824,7.0
825,2.0
826,1.0
827,1.0
828,1.0
829,1.0
830,1.0
831,1.0
832,3.0
833,685.0
834,1004.0
835,1437.0
836,2.0
837,1290.0
838,3.0
839,3.0
840,1.0
841,1.0
842,1.0
843,1.0
844,1.0
845,1.0
846,2.0
847,2.0
848,2.0
849,1.0
850,8.0
851,1.0
852,1.0
853,1.0
854,2.0
855,1.0
856,2.0
857,1.0
858,401.0
859,1431.0
860,1.0
861,2.0
862,1.0
863,1.0
864,2.0
865,6.0
866,1.0
867,1.0
868,1.0
869,1.0
870,1.0
871,1.0
872,2.0
873,2.0
874,1.0
875,6.0
876,3.0
877,1.0
878,1.0
879,1.0
880,1.0
881,1.0
882,1.0
883,1.0
884,3.0
885,1.0
886,1.0
887,1.0
888,1.0
889,1.0
890,2.0
891,3.0
892,1.0
893,2.0
894,2.0
895,1.0
896,6.0
897,1.0
898,3.0
899,1.0
900,1.0
901,6.0
902,2.0
903,5326.0
904,1.0
905,2.0
906,2.0
907,16.0
908,1.0
909,747.0
910,1.0
911,1.0
912,2.0
913,3.0
914,2.0
915,1.0
916,1.0
917,1.0
918,1.0
919,20.0
920,2.0
921,1.0
922,1.0
923,1.0
924,2.0
925,2.0
926,1.0
927,8.0
928,2.0
929,1.0
930,1.0
931,30.0
932,1.0
933,2.0
934,1.0
935,1.0
936,4196.0
937,3.0
938,1.0
939,1.0
940,2.0
941,2.0
942,1.0
943,1.0
944,1.0
945,2.0
946,1.0
947,1.0
948,1.0
949,2.0
950,2.0
951,1.0
952,1.0
953,1.0
954,1.0
955,27.0
956,1.0
957,1.0
958,1.0
959,1.0
960,541.0
961,1.0
962,1.0
963,2.0
964,1.0
965,1.0
966,1.0
967,2.0
968,1.0
969,540.0
970,1465.0
971,434.0
972,4.0
973,1.0
974,2769.0
975,1.0
976,1.0
977,1.0
978,1.0
979,2.0
980,1.0
981,1.0
982,2.0
983,2.0
984,1.0
985,1.0
986,1.0
987,2.0
988,1.0
989,1.0
990,1.0
991,1.0
992,1.0
993,14.0
994,11.0
995,2.0
996,1.0
997,1835.0
998,1.0
999,2.0
1000,2.0
1001,1.0
1002,2.0
1003,1.0
1004,720.0
1005,1.0
1006,3.0
1007,2.0
1008,1.0
1009,1.0
1010,1.0
1011,1.0
1012,2.0
1013,2.0
1014,1.0
1015,1.0
1016,1.0
1017,1.0
1018,1.0
1019,1.0
1020,1.0
1021,1.0
1022,2.0
1023,1.0
1024,2.0
1025,2.0
1026,6.0
1027,1.0
1028,1.0
1029,1.0
1030,1.0
1031,2790.0
1032,3.0
1033,1.0
1034,1.0
1035,2.0
1036,1.0
1037,1.0
1038,2.0
1039,1572.0
1040,1.0
1041,1.0
1042,1.0
1043,1.0
1044,5.0
1045,1.0
1046,1.0
1047,1.0
1048,1.0
1049,1.0
1050,2.0
1051,1.0
1052,4.0
1053,2.0
1054,1.0
1055,2.0
1056,1.0
1057,1.0
1058,1.0
1059,11.0
1060,2.0
1061,11.0
1062,2.0
1063,1.0
1064,1.0
1065,1.0
1066,1.0
1067,379.0
1068,1.0
1069,2.0
1070,9.0
1071,25.0
1072,1.0
1073,1.0
1074,1.0
1075,4.0
1076,1.0
1077,1.0
1078,1.0
1079,1.0
1080,500.0
1081,2.0
1082,4.0
1083,1.0
1084,1.0
1085,1.0
1086,1.0
1087,1.0
1088,1.0
1089,1.0
1090,2.0
1091,34.0
1092,1.0
1093,1101.0
1094,1.0
1095,1.0
1096,1.0
1097,569.0
1098,1.0
1099,1.0
1100,4.0
1101,1.0
1102,1.0
1103,393.0
1104,2.0
1105,1.0
1106,1.0
1107,1.0
1108,6.0
1109,1.0
1110,1.0
1111,1.0
1112,1.0
1113,1.0
1114,1.0
1115,1.0
1116,1.0
1117,750.0
1118,1.0
1119,1.0
1120,1.0
1121,1.0
1122,1.0
1123,1.0
1124,2.0
1125,1.0
1126,1.0
1127,2.0
1128,2.0
1129,1.0
1130,1.0
1131,2.0
1132,1.0
1133,1.0
1134,2.0
1135,1.0
1136,1109.0
1137,6853.0
1138,1.0
1139,1.0
1140,1.0
1141,2.0
1142,1.0
1143,1.0
1144,1.0
1145,1.0
1146,1006.0
1147,2.0
1148,1.0
1149,1.0
1150,1.0
1151,1.0
1152,2.0
1153,1.0
1154,1.0
1155,1.0
1156,1.0
1157,1.0
1158,1.0
1159,1.0
1160,1.0
1161,1.0
1162,1.0
1163,2.0
1164,2.0
1165,2.0
1166,6733.0
1167,2.0
1168,2.0
1169,1.0
1170,2.0
1171,2.0
1172,2.0
1173,1.0
1174,1.0
1175,1.0
1176,2.0
1177,2.0
1178,2.0
1179,1.0
1180,1.0
1181,1.0
1182,1.0
1183,1.0
1184,1.0
1185,1.0
1186,1.0
1187,1.0
1188,1.0
1189,2.0
1190,1.0
1191,1.0
1192,2.0
1193,1.0
1194,2.0
1195,2.0
1196,1.0
1197,2.0
1198,1.0
1199,2.0
1200,1.0
1201,1.0
1202,1.0
1203,1.0
1204,4.0
1205,1.0
1206,23.0
1207,1.0
1208,2.0
1209,2.0
1210,1.0
1211,1.0
1212,2.0
1213,2.0
1214,1.0
1215,2.0
1216,2.0
1217,1.0
1218,2.0
1219,2.0
1220,2.0
1221,2.0
1222,1.0
1223,2.0
1224,2.0
1225,1.0
1226,1.0
1227,1.0
1228,1.0
1229,1.0
1230,1854.0
1231,7.0
1232,1.0
1233,1.0
1234,1.0
1235,1.0
1236,2.0
1237,2.0
1238,1.0
1239,2.0
1240,2798.0
1241,5.0
1242,2.0
1243,2.0
1244,1.0
1245,1.0
1246,1.0
1247,2.0
1248,2.0
1249,1.0
1250,1.0
1251,1.0
1252,2.0
1253,1.0
1254,2.0
1255,2.0
1256,2.0
1257,2.0
1258,1.0
1259,2.0
1260,2.0
1261,1.0
1262,2.0
1263,634.0
1264,1.0
1265,4.0
1266,1.0
1267,1.0
1268,3.0
1269,2.0
1270,2.0
1271,2.0
1272,2.0
1273,2.0
1274,2.0
1275,1.0
1276,1.0
1277,1.0
1278,1.0
1279,1.0
1280,1.0
1281,1.0
1282,1.0
1283,3.0
1284,1.0
1285,2.0
1286,2.0
1287,2.0
1288,1.0
1289,1.0
1290,4.0
1291,25.0
1292,2.0
1293,1.0
1294,1.0
1295,1.0
1296,1186.0
1297,3.0
1298,2.0
1299,2.0
1300,1.0
1301,105.0
1302,26.0
1303,1.0
1304,2.0
1305,7.0
1306,1.0
1307,2.0
1308,3.0
1309,6.0
1310,5.0
1311,1.0
1312,8.0
1313,1.0
1314,1.0
1315,2.0
1316,3.0
1317,2.0
1318,2.0
1319,1.0
1320,1.0
1321,2.0
1322,3.0
1323,1.0
1324,1.0
1325,1.0
1326,18.0
1327,1.0
1328,2.0
1329,2.0
1330,3.0
1331,2.0
1332,4.0
1333,1.0
1334,2.0
1335,11.0
1336,2.0
1337,1.0
1338,3.0
1339,1.0
1340,4.0
1341,22.0
1342,976.0
1343,7874.0
1344,1.0
1345,25.0
1346,3.0
1347,4.0
1348,1.0
1349,25.0
1350,2.0
1351,1.0
1352,510.0
1353,2.0
1354,1.0
1355,1.0
1356,1.0
1357,1.0
1358,4.0
1359,2.0
1360,5.0
1361,3.0
1362,2.0
1363,2.0
1364,1.0
1365,157.0
1366,16.0
1367,8.0
1368,4945.0
1369,2.0
1370,3.0
1371,3.0
1372,11.0
1373,3.0
1374,5.0
1375,11008.0
1376,2.0
1377,28.0
1378,3.0
1379,1.0
1380,12.0
1381,3.0
1382,1.0
1383,18.0
1384,4.0
1385,3.0
1386,2.0
1387,23.0
1388,5.0
1389,3673.0
1390,3.0
1391,656.0
1392,516.0
1393,3782.0
1394,55.0
1395,18.0
1396,1471.0
1397,2.0
1398,10.0
1399,2.0
1400,3907.0
1401,2020.0
1402,4.0
1403,3.0
1404,3743.0
1405,2.0
1406,2.0
1407,900.0
1408,21.0
1409,15.0
1410,15.0
1411,10.0
1412,2.0
1413,1.0
1414,2.0
1415,16.0
1416,7.0
1417,24.0
1418,1772.0
1419,31.0
1420,446.0
1421,40.0
1422,1.0
1423,589.0
1424,19350.0
1425,15527.0
1426,9.0
1427,122.0
1428,273.0
1429,463.0
1430,950.0
1431,585.0
1432,4.0
1433,5.0
1434,555.0
1435,6.0
1436,14.0
1437,1817.0
1438,2.0
1439,4.0
1440,5.0
1441,3.0
1442,1.0
1443,2.0
1444,3.0
1445,3.0
1446,2.0
1447,1893.0
1448,3.0
1449,2.0
1450,726.0
1451,3351.0
1452,4.0
1453,3222.0
1454,2.0
1455,2.0
1456,1.0
1457,3.0
1458,2.0
1459,1.0
1460,1.0
1461,163.0
1462,2.0
1463,2.0
1464,1.0
1465,8.0
1466,1.0
1467,1356.0
1468,3.0
1469,2.0
1470,2.0
1471,1.0
1472,2.0
1473,2.0
1474,2.0
1475,1.0
1476,3188.0
1477,1.0
1478,1.0
1479,4485.0
1480,2.0
1481,10.0
1482,3.0
1483,2.0
1484,2.0
1485,2.0
1486,1.0
1487,48.0
1488,4.0
1489,834.0
1490,1.0
1491,2826.0
1492,1.0
1493,16944.0
1494,2.0
1495,1.0
1496,1.0
1497,1.0
1498,4543.0
1499,1.0
1500,3172.0
1501,1.0
1502,2.0
1503,1.0
1504,1.0
1505,1.0
1506,1.0
1507,2.0
1508,2.0
1509,2.0
1510,1.0
1511,2.0
1512,1.0
1513,1.0
1514,1.0
1515,1.0
1516,1.0
1517,1.0
1518,1.0
1519,2.0
1520,2.0
1521,2.0
1522,2.0
1523,1.0
1524,2.0
1525,1.0
1526,1.0
1527,1.0
1528,2.0
1529,1.0
1530,2.0
1531,4.0
1532,4.0
1533,1.0
1534,1.0
1535,1933.0
1536,1.0
1537,1.0
1538,641.0
1539,2503.0
1540,1.0
1541,4.0
1542,1.0
1543,2.0
1544,1.0
1545,1.0
1546,1.0
1547,2.0
1548,1.0
1549,1.0
1550,1.0
1551,1.0
1552,4.0
1553,1.0
1554,1.0
1555,1.0
1556,3722.0
1557,4.0
1558,1.0
1559,1.0
1560,1.0
1561,1.0
1562,1.0
1563,1.0
1564,2.0
1565,1.0
1566,4069.0
1567,1.0
1568,1.0
1569,1.0
1570,1.0
1571,1.0
1572,1.0
1573,1.0
1574,1.0
1575,4.0
1576,5623.0
1577,1.0
1578,1.0
1579,1.0
1580,1.0
1581,1.0
1582,1.0
1583,1.0
1584,1.0
1585,2.0
1586,667.0
1587,1.0
1588,3362.0
1589,6990.0
1590,17.0
1591,1.0
1592,4180.0
1593,1.0
1594,1.0
1595,1.0
1596,1.0
1597,2.0
1598,1.0
1599,1.0
1600,1.0
1601,1.0
1602,1.0
1603,1.0
1604,1.0
1605,2362.0
1606,1.0
1607,1.0
1608,1.0
1609,1.0
1610,1.0
1611,1.0
1612,1.0
1613,1.0
1614,1.0
1615,1.0
1616,1.0
1617,1.0
1618,1.0
1619,1.0
1620,1.0
1621,1.0
1622,1849.0
1623,1.0
1624,1.0
1625,1.0
1626,1.0
1627,1.0
1628,2.0
1629,1.0
1630,1.0
1631,2.0
1632,1.0
1633,1.0
1634,1.0
1635,1.0
1636,1.0
1637,1.0
1638,1.0
1639,1.0
1640,1.0
1641,1.0
1642,1.0
1643,1.0
1644,1.0
1645,1.0
1646,1.0
1647,1.0
1648,1.0
1649,1.0
1650,1.0
1651,1.0
1652,3130.0
1653,2.0
1654,1.0
1655,1.0
1656,1.0
1657,1.0
1658,1.0
1659,1.0
1660,1.0
1661,1.0
1662,1.0
1663,1.0
1664,1.0
1665,1.0
1666,1.0
1667,1.0
1668,1.0
1669,1.0
1670,1.0
1671,1.0
1672,1.0
1673,1.0
1674,1.0
1675,1.0
1676,1.0
1677,1.0
1678,2.0
1679,2.0
1680,1.0
1681,1.0
1682,1.0
1683,1.0
1684,1.0
1685,1.0
1686,1.0
1687,1.0
1688,1.0
1689,1.0
1690,1.0
1691,1.0
1692,1.0
1693,1.0
1694,1.0
1695,1.0
1696,1.0
1697,1.0
1698,1.0
1699,1.0
1700,1.0
1701,1.0
1702,1.0
1703,1.0
1704,1.0
1705,1.0
1706,1.0
1707,1.0
1708,1.0
1709,1.0
1710,1.0
1711,1.0
1712,1.0
1713,1.0
1714,1.0
1715,1.0
1716,1.0
1717,1.0
1718,1.0
1719,1.0
1720,1.0
1721,1.0
1722,1.0
1723,1.0
1724,1.0
1725,1.0
1726,15.0
1727,2.0
1728,2.0
1729,2.0
1730,1.0
1731,1.0
1732,1.0
1733,1.0
1734,1.0
1735,1.0
1736,1.0
1737,1.0
1738,1.0
1739,1.0
1740,1.0
1741,1.0
1742,1.0
1743,1.0
1744,1.0
1745,1.0
1746,1.0
1747,1.0
1748,1.0
1749,1.0
1750,1.0
1751,1.0
1752,1.0
1753,3.0
1754,2.0
1755,2.0
1756,2.0
1757,1.0
1758,1.0
1759,1.0
1760,1.0
1761,1.0
1762,1.0
1763,1.0
1764,1.0
1765,1.0
1766,1.0
1767,1.0
1768,1.0
1769,1.0
1770,1.0
1771,1.0
1772,1.0
1773,1.0
1774,1.0
1775,1.0
1776,1.0
1777,1.0
1778,1.0
1779,1.0
1780,2.0
1781,2.0
1782,1.0
1783,1.0
1784,1.0
1785,1.0
1786,1.0
1787,1.0
1788,4.0
1789,1.0
1790,1.0
1791,1.0
1792,1.0
1793,1.0
1794,1.0
1795,1.0
1796,1.0
1797,1.0
1798,1.0
1799,1.0
1800,1.0
1801,1.0
1802,1.0
1803,1.0
1804,1.0
1805,1.0
1806,1.0
1807,1.0
1808,1.0
1809,1.0
1810,10.0
1811,2.0
1812,2.0
1813,2.0
1814,2.0
1815,1.0
1816,1.0
1817,1.0
1818,1.0
1819,1.0
1820,1.0
1821,1.0
1822,1.0
1823,1.0
1824,1.0
1825,1.0
1826,1.0
1827,1.0
1828,1.0
1829,1.0
1830,1.0
1831,1.0
1832,1.0
1833,1.0
1834,1.0
1835,1.0
1836,1.0
1837,1.0
1838,1.0
1839,2.0
1840,1.0
1841,1.0
1842,5.0
1843,6.0
1844,2.0
1845,2.0
1846,1.0
1847,1.0
1848,2.0
1849,2.0
1850,2988.0
1851,2.0
1852,1.0
1853,1.0
1854,1.0
1855,1.0
1856,1.0
1857,1.0
1858,1.0
1859,1.0
1860,1.0
1861,1.0
1862,1.0
1863,1.0
1864,1.0
1865,1.0
1866,1.0
1867,1.0
1868,1.0
1869,1.0
1870,1.0
1871,1.0
1872,1.0
1873,1.0
1874,10892.0
1875,1.0
1876,3.0
1877,5.0
1878,3.0
1879,2.0
1880,2.0
1881,1.0
1882,2.0
1883,2.0
1884,1.0
1885,2.0
1886,1.0
1887,1.0
1888,1.0
1889,1.0
1890,1.0
1891,1.0
1892,1.0
1893,1.0
1894,1.0
1895,1.0
1896,1.0
1897,1.0
1898,1.0
1899,1.0
1900,1.0
1901,1.0
1902,1.0
1903,1.0
1904,1.0
1905,1.0
1906,1.0
1907,1.0
1908,1.0
1909,1.0
1910,1.0
1911,1.0
1912,1.0
1913,2.0
1914,2.0
1915,1.0
1916,2.0
1917,2.0
1918,2.0
1919,1.0
1920,1.0
1921,3.0
1922,5.0
1923,3.0
1924,2.0
1925,2.0
1926,2.0
1927,2.0
1928,1.0
1929,2.0
1930,1.0
1931,1.0
1932,2.0
1933,1.0
1934,1.0
1935,1.0
1936,1.0
1937,1.0
1938,1.0
1939,1.0
1940,1.0
1941,1.0
1942,1.0
1943,1.0
1944,1.0
1945,1.0
1946,1.0
1947,1.0
1948,1.0
1949,1.0
1950,1.0
1951,1.0
1952,1.0
1953,1.0
1954,1.0
1955,1.0
1956,1.0
1957,1.0
1958,1.0
1959,1.0
1960,1.0
1961,1.0
1962,1.0
1963,1.0
1964,1.0
1965,1539.0
1966,1.0
1967,1.0
1968,2.0
1969,3.0
1970,4.0
1971,3.0
1972,2.0
1973,2.0
1974,2.0
1975,2.0
1976,2.0
1977,2.0
1978,1.0
1979,1.0
1980,1.0
1981,1.0
1982,1.0
1983,1.0
1984,1.0
1985,1.0
1986,1.0
1987,1.0
1988,1.0
1989,1.0
1990,1.0
1991,1.0
1992,1.0
1993,1.0
1994,1.0
1995,1.0
1996,1.0
1997,1.0
1998,2.0
1999,1.0
2000,1.0
2001,2.0
2002,1.0
2003,2.0
2004,1.0
2005,2.0
2006,2.0
2007,2.0
2008,2.0
2009,2.0
2010,13382.0
2011,1.0
2012,1.0
2013,2.0
2014,2.0
2015,4.0
2016,5.0
2017,5.0
2018,3.0
2019,3.0
2020,2.0
2021,2.0
2022,2.0
2023,1.0
2024,2.0
2025,2.0
2026,1.0
2027,1.0
2028,1.0
2029,1.0
2030,1.0
2031,1.0
2032,1.0
2033,1.0
2034,1.0
2035,1.0
2036,1.0
2037,1.0
2038,1.0
2039,1.0
2040,1.0
2041,1.0
2042,1.0
2043,2.0
2044,1.0
2045,1.0
2046,2.0
2047,2.0
2048,1.0
2049,2.0
2050,1.0
2051,1.0
2052,1.0
2053,1.0
2054,1.0
2055,1.0
2056,1.0
2057,2.0
2058,3.0
2059,3.0
2060,9.0
2061,4.0
2062,3.0
2063,3.0
2064,2.0
2065,2.0
2066,2.0
2067,2.0
2068,1.0
2069,1.0
2070,2.0
2071,1.0
2072,1.0
2073,1.0
2074,1.0
2075,1.0
2076,1.0
2077,1.0
2078,1.0
2079,1.0
2080,1.0
2081,1.0
2082,1.0
2083,1.0
2084,1.0
2085,1.0
2086,1.0
2087,1.0
2088,1.0
2089,1.0
2090,1.0
2091,2.0
2092,2.0
2093,1.0
2094,2.0
2095,2.0
2096,2.0
2097,2.0
2098,2.0
2099,2.0
2100,2.0
2101,1.0
2102,4583.0
2103,1.0
2104,1.0
2105,2.0
2106,2.0
2107,3.0
2108,4.0
2109,9.0
2110,4.0
2111,3.0
2112,3.0
2113,2.0
2114,2.0
2115,2.0
2116,2.0
2117,1.0
2118,2.0
2119,1.0
2120,2.0
2121,1.0
2122,1.0
2123,2.0
2124,1.0
2125,1.0
2126,1.0
2127,1.0
2128,1.0
2129,1.0
2130,1.0
2131,1.0
2132,2.0
2133,1.0
2134,2.0
2135,1.0
2136,1.0
2137,1.0
2138,1.0
2139,2.0
2140,2.0
2141,2.0
2142,3.0
2143,2.0
2144,1.0
2145,1.0
2146,1.0
2147,1.0
2148,1.0
2149,2.0
2150,2.0
2151,3.0
2152,4.0
2153,10.0
2154,5.0
2155,3.0
2156,2.0
2157,2.0
2158,2.0
2159,1.0
2160,1.0
2161,2.0
2162,2.0
2163,1.0
2164,1.0
2165,2.0
2166,1.0
2167,1.0
2168,1.0
2169,1.0
2170,1.0
2171,1.0
2172,1.0
2173,1.0
2174,1.0
2175,2.0
2176,1.0
2177,1.0
2178,1.0
2179,2.0
2180,1.0
2181,1.0
2182,2.0
2183,1.0
2184,2.0
2185,2.0
2186,3.0
2187,2.0
2188,2.0
2189,2.0
2190,2.0
2191,1.0
2192,1.0
2193,1.0
2194,1.0
2195,1.0
2196,1.0
2197,1.0
2198,2.0
2199,2.0
2200,3.0
2201,5.0
2202,10.0
2203,5.0
2204,3.0
2205,3.0
2206,3.0
2207,2.0
2208,2.0
2209,2.0
2210,2.0
2211,2.0
2212,1.0
2213,2.0
2214,1.0
2215,1.0
2216,4.0
2217,1.0
2218,1.0
2219,1.0
2220,1.0
2221,4.0
2222,1.0
2223,1.0
2224,2.0
2225,1.0
2226,1.0
2227,2.0
2228,2.0
2229,2.0
2230,1.0
2231,2.0
2232,2.0
2233,2.0
2234,4.0
2235,1.0
2236,1.0
2237,1.0
2238,2228.0
2239,1.0
2240,1.0
2241,2.0
2242,2.0
2243,4499.0
2244,1.0
2245,1.0
2246,1.0
2247,1.0
2248,1.0
2249,1.0
2250,1.0
2251,2.0
2252,2.0
2253,2.0
2254,3.0
2255,4.0
2256,5.0
2257,9.0
2258,6.0
2259,4.0
2260,3.0
2261,2.0
2262,3.0
2263,2.0
2264,4.0
2265,2.0
2266,1.0
2267,4.0
2268,1.0
2269,1.0
2270,1.0
2271,1.0
2272,1.0
2273,1.0
2274,1.0
2275,1.0
2276,4.0
2277,1.0
2278,2.0
2279,2.0
2280,1.0
2281,1.0
2282,2.0
2283,1.0
2284,2.0
2285,2.0
2286,3.0
2287,3.0
2288,1.0
2289,2.0
2290,2.0
2291,2.0
2292,2.0
2293,1.0
2294,1.0
2295,1.0
2296,1.0
2297,1.0
2298,1.0
2299,1.0
2300,1.0
2301,1.0
2302,2.0
2303,1.0
2304,2.0
2305,2.0
2306,3.0
2307,6.0
2308,6.0
2309,7.0
2310,4.0
2311,3.0
2312,3.0
2313,2.0
2314,2.0
2315,2.0
2316,2.0
2317,1.0
2318,2.0
2319,1.0
2320,1.0
2321,15.0
2322,1.0
2323,1.0
2324,2.0
2325,1.0
2326,2.0
2327,2.0
2328,2.0
2329,1.0
2330,2.0
2331,1.0
2332,1.0
2333,2.0
2334,1.0
2335,3.0
2336,3.0
2337,2.0
2338,5.0
2339,2.0
2340,1651.0
2341,2.0
2342,1.0
2343,1.0
2344,1.0
2345,1.0
2346,1.0
2347,1.0
2348,1.0
2349,1.0
2350,2.0
2351,2.0
2352,2.0
2353,2.0
2354,3.0
2355,3.0
2356,4.0
2357,8.0
2358,9.0
2359,4.0
2360,4.0
2361,2.0
2362,8.0
2363,2.0
2364,4.0
2365,6.0
2366,1.0
2367,1.0
2368,1.0
2369,1.0
2370,1.0
2371,4.0
2372,1.0
2373,4.0
2374,2.0
2375,2.0
2376,2.0
2377,2.0
2378,2.0
2379,3.0
2380,1.0
2381,4.0
2382,3.0
2383,6.0
2384,1.0
2385,5537.0
2386,2.0
2387,1.0
2388,3.0
2389,1.0
2390,1.0
2391,1.0
2392,1.0
2393,1.0
2394,1.0
2395,1.0
2396,1.0
2397,1.0
2398,1.0
2399,1.0
2400,1.0
2401,1.0
2402,1.0
2403,2.0
2404,1.0
2405,2.0
2406,2.0
2407,3.0
2408,2.0
2409,3.0
2410,4.0
2411,19.0
2412,9.0
2413,6.0
2414,2.0
2415,2.0
2416,4.0
2417,6.0
2418,1.0
2419,1.0
2420,1.0
2421,1.0
2422,1.0
2423,1.0
2424,1.0
2425,4.0
2426,1.0
2427,2.0
2428,1.0
2429,2.0
2430,2.0
2431,3.0
2432,2.0
2433,2.0
2434,2.0
2435,4.0
2436,16.0
2437,1.0
2438,1.0
2439,1.0
2440,1.0
2441,7378.0
2442,2211.0
2443,1.0
2444,1.0
2445,1.0
2446,1.0
2447,1.0
2448,1.0
2449,1.0
2450,1.0
2451,1.0
2452,1.0
2453,1.0
2454,1.0
2455,1.0
2456,1.0
2457,1.0
2458,1.0
2459,1.0
2460,1.0
2461,1.0
2462,1.0
2463,1.0
2464,1.0
2465,1.0
2466,1.0
2467,1.0
2468,1.0
2469,2.0
2470,1.0
2471,2.0
2472,1.0
2473,2.0
2474,2.0
2475,2.0
2476,6.0
2477,4.0
2478,5.0
2479,26.0
2480,6.0
2481,2.0
2482,2.0
2483,4.0
2484,4.0
2485,1.0
2486,13.0
2487,1.0
2488,4.0
2489,4.0
2490,2.0
2491,2.0
2492,3.0
2493,1.0
2494,2.0
2495,2.0
2496,4.0
2497,3.0
2498,4.0
2499,12.0
2500,1.0
2501,2.0
2502,1.0
2503,13.0
2504,3.0
2505,3.0
2506,2.0
2507,2.0
2508,2.0
2509,1.0
2510,2.0
2511,2.0
2512,1.0
2513,1.0
2514,1.0
2515,1.0
2516,1.0
2517,1.0
2518,2.0
2519,2.0
2520,1.0
2521,1.0
2522,1.0
2523,2.0
2524,2.0
2525,1.0
2526,1.0
2527,1.0
2528,1.0
2529,1.0
2530,1.0
2531,1.0
2532,1.0
2533,1.0
2534,1.0
2535,3.0
2536,1.0
2537,1.0
2538,1.0
2539,1.0
2540,1.0
2541,1.0
2542,4.0
2543,1.0
2544,1.0
2545,2.0
2546,2.0
2547,2.0
2548,2.0
2549,11.0
2550,38.0
2551,2.0
2552,2.0
2553,9.0
2554,17.0
2555,4.0
2556,4.0
2557,2.0
2558,1.0
2559,2.0
2560,3.0
2561,1.0
2562,2.0
2563,2.0
2564,3.0
2565,1.0
2566,4.0
2567,6.0
2568,8.0
2569,1.0
2570,1.0
2571,3.0
2572,2.0
2573,1.0
2574,1.0
2575,1.0
2576,1.0
2577,1.0
2578,11.0
2579,5.0
2580,5.0
2581,3.0
2582,3.0
2583,3.0
2584,3.0
2585,3.0
2586,2.0
2587,2.0
2588,1.0
2589,4.0
2590,1.0
2591,1.0
2592,2.0
2593,2.0
2594,1.0
2595,1.0
2596,4.0
2597,2.0
2598,1.0
2599,1.0
2600,1.0
2601,1.0
2602,13.0
2603,1.0
2604,1.0
2605,1.0
2606,1.0
2607,2.0
2608,1.0
2609,1.0
2610,1.0
2611,1.0
2612,4.0
2613,1.0
2614,2.0
2615,2.0
2616,1.0
2617,8.0
2618,1.0
2619,52.0
2620,2.0
2621,2.0
2622,9.0
2623,17.0
2624,9.0
2625,1.0
2626,1.0
2627,2.0
2628,1.0
2629,2.0
2630,2.0
2631,3.0
2632,2.0
2633,3.0
2634,3.0
2635,4.0
2636,7.0
2637,9.0
2638,1.0
2639,1.0
2640,3.0
2641,115.0
2642,1.0
2643,48.0
2644,4.0
2645,3.0
2646,2.0
2647,3.0
2648,7.0
2649,6.0
2650,4.0
2651,1.0
2652,1.0
2653,17.0
2654,1.0
2655,1.0
2656,1.0
2657,1.0
2658,1.0
2659,4.0
2660,4.0
2661,1.0
2662,4.0
2663,2.0
2664,11.0
2665,2.0
2666,2.0
2667,1.0
2668,80.0
2669,1.0
2670,1.0
2671,7.0
2672,1.0
2673,9.0
2674,1.0
2675,1.0
2676,1.0
2677,2.0
2678,1.0
2679,6.0
2680,2.0
2681,3.0
2682,9.0
2683,3.0
2684,14.0
2685,1.0
2686,2.0
2687,4646.0
2688,7126.0
2689,4.0
2690,107.0
2691,11.0
2692,2.0
2693,2.0
2694,2.0
2695,3.0
2696,3.0
2697,4.0
2698,11.0
2699,17.0
2700,1.0
2701,1.0
2702,1.0
2703,1.0
2704,1.0
2705,1.0
2706,1.0
2707,4.0
2708,1.0
2709,1.0
2710,11.0
2711,1.0
2712,1.0
2713,2.0
2714,3.0
2715,23.0
2716,4.0
2717,7.0
2718,1.0
2719,2.0
2720,1.0
2721,1.0
2722,3.0
2723,4.0
2724,2322.0
2725,12.0
2726,2.0
2727,1.0
2728,1.0
2729,1.0
2730,1.0
2731,1.0
2732,1.0
2733,1.0
2734,1.0
2735,1.0
2736,1.0
2737,1.0
2738,1.0
2739,1.0
2740,1.0
2741,1.0
2742,1.0
2743,2.0
2744,2.0
2745,2.0
2746,3.0
2747,28.0
2748,3.0
2749,5.0
2750,2.0
2751,1.0
2752,3.0
2753,5.0
2754,3.0
2755,2.0
2756,1.0
2757,1.0
2758,1.0
2759,1.0
2760,2.0
2761,1.0
2762,1.0
2763,1.0
2764,1.0
2765,1.0
2766,1.0
2767,1.0
2768,1.0
2769,2.0
2770,1.0
2771,1.0
2772,2.0
2773,1.0
2774,2.0
2775,2.0
2776,3.0
2777,1.0
2778,3.0
2779,1.0
2780,1.0
2781,2.0
2782,1.0
2783,3.0
2784,4.0
2785,6.0
2786,1.0
2787,8747.0
2788,5.0
2789,3.0
2790,2.0
2791,2.0
2792,2.0
2793,2.0
2794,1.0
2795,2.0
2796,1.0
2797,6.0
2798,1.0
2799,6.0
2800,1.0
2801,4.0
2802,2.0
2803,1254.0
2804,2.0
2805,2.0
2806,7.0
2807,1.0
2808,2.0
2809,3.0
2810,3.0
2811,1.0
2812,3.0
2813,8.0
2814,2.0
2815,4.0
2816,1.0
2817,1.0
2818,7.0
2819,1.0
2820,6.0
2821,2.0
2822,1.0
2823,1.0
2824,4.0
2825,1.0
2826,2.0
2827,1.0
2828,3.0
2829,1.0
2830,3150.0
2831,4920.0
2832,1.0
2833,8.0
2834,1.0
2835,1.0
2836,1.0
2837,1.0
2838,1.0
2839,2699.0
2840,10.0
2841,2.0
2842,1.0
2843,2.0
2844,2.0
2845,1.0
2846,1.0
2847,30717.0
2848,1.0
2849,1.0
2850,1.0
2851,8.0
2852,8161.0
2853,1.0
2854,1.0
2855,1.0
2856,21859.0
2857,1.0
2858,1.0
2859,1.0
2860,1.0
2861,1.0
2862,7.0
2863,1.0
2864,28540.0
2865,1.0
2866,1.0
2867,1.0
2868,1.0
2869,1.0
2870,4722.0
2871,8054.0
2872,2736.0
2873,4262.0
2874,1733.0
2875,1537.0
2876,1668.0
2877,2.0
